[
  {
    "value": "f",
    "synonyms": [
      "Group F"
    ]
  },
  {
    "value": "b",
    "synonyms": [
      "Group B"
    ]
  },
  {
    "value": "e",
    "synonyms": [
      "Group E"
    ]
  },
  {
    "value": "g",
    "synonyms": [
      "Group G"
    ]
  },
  {
    "value": "d",
    "synonyms": [
      "Group D"
    ]
  },
  {
    "value": "c",
    "synonyms": [
      "Group C"
    ]
  },
  {
    "value": "h",
    "synonyms": [
      "Group H"
    ]
  },
  {
    "value": "a",
    "synonyms": [
      "Group A"
    ]
  },
  {
    "value": "i",
    "synonyms": [
      "Group I"
    ]
  },
  {
    "value": "j",
    "synonyms": [
      "Group J"
    ]
  },
  {
    "value": "k",
    "synonyms": [
      "Group K"
    ]
  },
  {
    "value": "l",
    "synonyms": [
      "Group L"
    ]
  },
  {
    "value": "m",
    "synonyms": [
      "Group M"
    ]
  },
  {
    "value": "n",
    "synonyms": [
      "Group N"
    ]
  },
  {
    "value": "o",
    "synonyms": [
      "Group O"
    ]
  },
  {
    "value": "p",
    "synonyms": [
      "Group P"
    ]
  },
  {
    "value": "q",
    "synonyms": [
      "Group Q"
    ]
  },
  {
    "value": "r",
    "synonyms": [
      "Group R"
    ]
  },
  {
    "value": "s",
    "synonyms": [
      "Group S"
    ]
  },
  {
    "value": "t",
    "synonyms": [
      "Group T"
    ]
  },
  {
    "value": "u",
    "synonyms": [
      "Group U"
    ]
  },
  {
    "value": "v",
    "synonyms": [
      "Group V"
    ]
  },
  {
    "value": "w",
    "synonyms": [
      "Group W"
    ]
  },
  {
    "value": "x",
    "synonyms": [
      "Group X"
    ]
  },
  {
    "value": "y",
    "synonyms": [
      "Group Y"
    ]
  },
  {
    "value": "z",
    "synonyms": [
      "Group Z"
    ]
  }
]