[
  {
    "id": "f189995f-5a3a-4180-b269-16dbf1a56d46",
    "data": [
      {
        "text": "group b",
        "alias": "group",
        "meta": "@group",
        "userDefined": false
      }
    ],
    "isTemplate": false,
    "count": 0,
    "updated": 1528624843
  },
  {
    "id": "ab6b343d-f215-4dda-8ca5-70bf90890656",
    "data": [
      {
        "text": "Tell me about ",
        "userDefined": false
      },
      {
        "text": "group c",
        "alias": "group",
        "meta": "@group",
        "userDefined": true
      }
    ],
    "isTemplate": false,
    "count": 0,
    "updated": 1528624843
  },
  {
    "id": "76320211-e2e4-414a-9b95-16b1dd052875",
    "data": [
      {
        "text": "Who is in ",
        "userDefined": false
      },
      {
        "text": "the first group",
        "alias": "group",
        "meta": "@group",
        "userDefined": true
      }
    ],
    "isTemplate": false,
    "count": 0,
    "updated": 1528307749
  },
  {
    "id": "510dc620-9ce2-45d7-8e62-0231dbe2d64f",
    "data": [
      {
        "text": "Who are the teams in ",
        "userDefined": false
      },
      {
        "text": "Group F",
        "alias": "group",
        "meta": "@group",
        "userDefined": true
      }
    ],
    "isTemplate": false,
    "count": 0,
    "updated": 1528624843
  },
  {
    "id": "00732e21-6a83-4de5-810a-accfb93a3584",
    "data": [
      {
        "text": "Who is playing in ",
        "userDefined": false
      },
      {
        "text": "Group A",
        "alias": "group",
        "meta": "@group",
        "userDefined": true
      }
    ],
    "isTemplate": false,
    "count": 0,
    "updated": 1528307749
  }
]