[
  {
    "id": "a6966ff5-e536-45fd-8173-851c48884509",
    "data": [
      {
        "text": "When is ",
        "userDefined": false
      },
      {
        "text": "Tunisia",
        "alias": "geo-country",
        "meta": "@sys.geo-country",
        "userDefined": true
      },
      {
        "text": " playing?",
        "userDefined": false
      }
    ],
    "isTemplate": false,
    "count": 0,
    "updated": 1528112444
  },
  {
    "id": "698cb628-28b2-4f4f-81ce-a2195f195ffd",
    "data": [
      {
        "text": "Who is ",
        "userDefined": false
      },
      {
        "text": "Tunisia",
        "alias": "geo-country",
        "meta": "@sys.geo-country",
        "userDefined": true
      },
      {
        "text": " playing against?",
        "userDefined": false
      }
    ],
    "isTemplate": false,
    "count": 0,
    "updated": 1528112444
  },
  {
    "id": "be3ea2bd-bb3e-4003-8cad-d98e76d7079d",
    "data": [
      {
        "text": "When is ",
        "userDefined": false
      },
      {
        "text": "Tunisia",
        "alias": "geo-country",
        "meta": "@sys.geo-country",
        "userDefined": true
      },
      {
        "text": " playing against ",
        "userDefined": false
      },
      {
        "text": "Belgium",
        "alias": "geo-country",
        "meta": "@sys.geo-country",
        "userDefined": true
      },
      {
        "text": "?",
        "userDefined": false
      }
    ],
    "isTemplate": false,
    "count": 0,
    "updated": 1528112444
  },
  {
    "id": "87571672-cbde-4868-b2e2-559ee138997d",
    "data": [
      {
        "text": "Tell me about ",
        "userDefined": false
      },
      {
        "text": "Tunisia",
        "alias": "geo-country",
        "meta": "@sys.geo-country",
        "userDefined": true
      }
    ],
    "isTemplate": false,
    "count": 0,
    "updated": 1528112444
  }
]