[
  {
    "id": "cca6619e-99fd-4e64-a09f-b687e030db05",
    "data": [
      {
        "text": "which ",
        "userDefined": false
      },
      {
        "text": "group",
        "meta": "@sys.ignore",
        "userDefined": false
      },
      {
        "text": " is ",
        "userDefined": false
      },
      {
        "text": "Tunisia",
        "alias": "geo-country",
        "meta": "@sys.geo-country",
        "userDefined": true
      }
    ],
    "isTemplate": false,
    "count": 0,
    "updated": 1527692989
  }
]