[
  {
    "id": "2677defe-acdf-40a2-bec6-7fb76034886b",
    "data": [
      {
        "text": "tell me about all groups",
        "userDefined": false
      }
    ],
    "isTemplate": false,
    "count": 0,
    "updated": 1528130278
  },
  {
    "id": "db973deb-4e49-403f-89aa-09e2f0198621",
    "data": [
      {
        "text": "show me all groups",
        "userDefined": false
      }
    ],
    "isTemplate": false,
    "count": 0,
    "updated": 1528130278
  },
  {
    "id": "09f456b1-3782-4ba1-b68e-9d4ef99a1d5e",
    "data": [
      {
        "text": "what are the groups",
        "userDefined": false
      }
    ],
    "isTemplate": false,
    "count": 0,
    "updated": 1528130278
  },
  {
    "id": "d25f9cff-b71d-4a53-8630-e79bd2451897",
    "data": [
      {
        "text": "what groups do we have?",
        "userDefined": false
      }
    ],
    "isTemplate": false,
    "count": 0,
    "updated": 1528130278
  },
  {
    "id": "fa12ed91-a784-4c62-9d13-5b78f450221b",
    "data": [
      {
        "text": "what are the different groups",
        "userDefined": false
      }
    ],
    "isTemplate": false,
    "count": 0,
    "updated": 1528130278
  }
]