[
  {
    "id": "64e5907a-a41f-4abc-900a-3b23fc39bfc1",
    "data": [
      {
        "text": "okay",
        "userDefined": false
      }
    ],
    "isTemplate": false,
    "count": 0,
    "updated": 1528560506
  },
  {
    "id": "74b40577-8d40-4436-bdb2-a7b9d0662ad9",
    "data": [
      {
        "text": "of course",
        "userDefined": false
      }
    ],
    "isTemplate": false,
    "count": 0,
    "updated": 1528560506
  },
  {
    "id": "ba183255-7f60-4541-b5be-7e8e35944044",
    "data": [
      {
        "text": "I don\u0027t mind",
        "userDefined": false
      }
    ],
    "isTemplate": false,
    "count": 0,
    "updated": 1528560506
  },
  {
    "id": "702d219a-91f6-41d3-9d0d-5bf7669958c1",
    "data": [
      {
        "text": "do it",
        "userDefined": false
      }
    ],
    "isTemplate": false,
    "count": 1,
    "updated": 1528560506
  },
  {
    "id": "387f7745-bf26-4be7-9ccb-02738b0c39ae",
    "data": [
      {
        "text": "ok",
        "userDefined": false
      }
    ],
    "isTemplate": false,
    "count": 0,
    "updated": 1528560506
  },
  {
    "id": "43cf4a9a-4f00-40e2-b7e3-6608a5e415d7",
    "data": [
      {
        "text": "sounds good",
        "userDefined": false
      }
    ],
    "isTemplate": false,
    "count": 0,
    "updated": 1528560506
  },
  {
    "id": "c6234f48-19eb-4d9d-bd40-a787fe9ee3be",
    "data": [
      {
        "text": "confirm",
        "userDefined": false
      }
    ],
    "isTemplate": false,
    "count": 1,
    "updated": 1528560506
  },
  {
    "id": "4c1d64a0-c57b-480a-911c-f86a355d87eb",
    "data": [
      {
        "text": "that\u0027s correct",
        "userDefined": false
      }
    ],
    "isTemplate": false,
    "count": 0,
    "updated": 1528560506
  },
  {
    "id": "429b54bc-7ab0-4779-a2c9-f7c32d8be9f4",
    "data": [
      {
        "text": "I agree",
        "userDefined": false
      }
    ],
    "isTemplate": false,
    "count": 1,
    "updated": 1528560506
  },
  {
    "id": "37f335c4-79b5-4295-801f-c629d9dcfffb",
    "data": [
      {
        "text": "yes",
        "userDefined": false
      }
    ],
    "isTemplate": false,
    "count": 0,
    "updated": 1528560506
  },
  {
    "id": "db39544f-5a72-4096-aaac-9dbc0d3f0474",
    "data": [
      {
        "text": "exactly",
        "userDefined": false
      }
    ],
    "isTemplate": false,
    "count": 0,
    "updated": 1528560506
  },
  {
    "id": "668fa5fe-f4da-4dbb-bbf2-6c1ca72b4288",
    "data": [
      {
        "text": "sure",
        "userDefined": false
      }
    ],
    "isTemplate": false,
    "count": 2,
    "updated": 1528560506
  }
]