[
  {
    "id": "f4967775-4095-42e3-907f-9aada1bee7ad",
    "data": [
      {
        "text": "who is playing ",
        "userDefined": false
      },
      {
        "text": "tomorrow",
        "alias": "date",
        "meta": "@sys.date",
        "userDefined": false
      }
    ],
    "isTemplate": false,
    "count": 0,
    "updated": 1527694123
  },
  {
    "id": "092959d8-b4e7-4c6c-83f8-fdd8045238ac",
    "data": [
      {
        "text": "Is there any game ",
        "userDefined": false
      },
      {
        "text": "the 20th",
        "alias": "date",
        "meta": "@sys.date",
        "userDefined": false
      }
    ],
    "isTemplate": false,
    "count": 0,
    "updated": 1527694123
  }
]