[
  {
    "id": "dbeb9ab8-a9fb-4f66-9dce-e72afa41fc92",
    "data": [
      {
        "text": "bye",
        "userDefined": false
      }
    ],
    "isTemplate": false,
    "count": 0,
    "updated": 1528563847
  },
  {
    "id": "5e98a907-84ca-4fcd-8d52-5fc72378a5eb",
    "data": [
      {
        "text": "perfect, bye",
        "userDefined": false
      }
    ],
    "isTemplate": false,
    "count": 0,
    "updated": 1528563847
  },
  {
    "id": "bee0c745-04a1-4a3a-a834-0f76f91cb9fa",
    "data": [
      {
        "text": "cool, just wanted to know",
        "userDefined": false
      }
    ],
    "isTemplate": false,
    "count": 0,
    "updated": 1528563847
  },
  {
    "id": "1916f4ff-9dd6-45ff-9d10-eda57995dc6b",
    "data": [
      {
        "text": "talk to you later",
        "userDefined": false
      }
    ],
    "isTemplate": false,
    "count": 0,
    "updated": 1528563847
  },
  {
    "id": "67d8a4e1-5ae1-4372-9c0e-18ae6dbd8840",
    "data": [
      {
        "text": "that was all",
        "userDefined": false
      }
    ],
    "isTemplate": false,
    "count": 0,
    "updated": 1528563847
  },
  {
    "id": "55efd69b-914e-43c1-9a84-557d799ed4d9",
    "data": [
      {
        "text": "good thanks",
        "userDefined": false
      }
    ],
    "isTemplate": false,
    "count": 0,
    "updated": 1528563847
  },
  {
    "id": "4208f8fe-9f4c-47b7-a19b-4ca79e92a451",
    "data": [
      {
        "text": "fine thanks",
        "userDefined": false
      }
    ],
    "isTemplate": false,
    "count": 0,
    "updated": 1528563847
  },
  {
    "id": "54fae57f-c15e-4e0c-997a-d37a53de36aa",
    "data": [
      {
        "text": "That was it",
        "userDefined": false
      }
    ],
    "isTemplate": false,
    "count": 0,
    "updated": 1528563847
  },
  {
    "id": "a97b6116-ae11-43b0-b685-f7f91a6c242e",
    "data": [
      {
        "text": "Okay bye",
        "userDefined": false
      }
    ],
    "isTemplate": false,
    "count": 0,
    "updated": 1528563847
  },
  {
    "id": "aee86771-209b-41c2-9d8c-7ac04d1c4686",
    "data": [
      {
        "text": "Okay thanks",
        "userDefined": false
      }
    ],
    "isTemplate": false,
    "count": 0,
    "updated": 1528563847
  }
]