[
  {
    "id": "154ebd38-2d90-496f-b5a0-052305ac1fd2",
    "data": [
      {
        "text": "I can\u0027t find a ",
        "userDefined": false
      },
      {
        "text": "group",
        "meta": "@sys.ignore",
        "userDefined": false
      }
    ],
    "isTemplate": false,
    "count": 0,
    "updated": 1528628009
  },
  {
    "id": "ba4449a4-963d-4e88-bf6e-dc28f7999958",
    "data": [
      {
        "text": "what can you do",
        "userDefined": false
      }
    ],
    "isTemplate": false,
    "count": 0,
    "updated": 1528628009
  },
  {
    "id": "a29b2473-f472-4d9e-8fbd-959550c7c3d5",
    "data": [
      {
        "text": "I need help",
        "userDefined": false
      }
    ],
    "isTemplate": false,
    "count": 0,
    "updated": 1528628009
  }
]